subject,subject_alias,experiment,original_experiment,session,original_session,system_version
FR240,,pyFR,,0,,1.0
FR240,,pyFR,,2,,1.0
CP001,,pyFR,,1,,1.0
CP001,,pyFR,,2,,1.0
CP001,,pyFR,,3,,1.0
CP001,,pyFR,,4,,1.0
BW001,,pyFR,,1,,1.0
FR025,,pyFR,,1,,1.0
BW013,,pyFR,,1,,1.0
FR029,,pyFR,,1,,1.0
BW014,,pyFR,,1,,1.0
BW014,,pyFR,,2,,1.0
BW014,,pyFR,,3,,1.0
FR060,,pyFR,,1,,1.0
BW022,,pyFR,,1,,1.0
BW022,,pyFR,,2,,1.0
BW023,,pyFR,,1,,1.0
BW023,,pyFR,,2,,1.0
FR070,,pyFR,,1,,1.0
BW024,,pyFR,,1,,1.0
BW024,,pyFR,,2,,1.0
FR080,,pyFR,,1,,1.0
BW025,,pyFR,,1,,1.0
BW025,,pyFR,,2,,1.0
BW025,,pyFR,,3,,1.0
FR090,,pyFR,,1,,1.0
FR090,,pyFR,,2,,1.0
CH003,,pyFR,,1,,1.0
FR091,,pyFR,,0,,1.0
CH005,,pyFR,,1,,1.0
FR100,,pyFR,,1,,1.0
CH008b,,pyFR,,1,,1.0
CH008b,,pyFR,,2,,1.0
CH008b,,pyFR,,3,,1.0
FR110,,pyFR,,1,,1.0
CH012,,pyFR,,1,,1.0
CH012,,pyFR,,2,,1.0
CH012,,pyFR,,3,,1.0
FR120,,pyFR,,1,,1.0
CH013,,pyFR,,1,,1.0
FR130,,pyFR,,1,,1.0
CH018,,pyFR,,1,,1.0
CH018,,pyFR,,2,,1.0
FR140,,pyFR,,1,,1.0
FR140,,pyFR,,2,,1.0
FR140,,pyFR,,3,,1.0
FR140,,pyFR,,4,,1.0
CH040,,pyFR,,1,,1.0
FR150,,pyFR,,1,,1.0
CH042,,pyFR,,1,,1.0
CH042,,pyFR,,2,,1.0
FR160,,pyFR,,1,,1.0
CH046,,pyFR,,1,,1.0
FR170,,pyFR,,1,,1.0
CH048,,pyFR,,1,,1.0
CH048,,pyFR,,2,,1.0
CH048,,pyFR,,3,,1.0
CH048,,pyFR,,4,,1.0
FR180,,pyFR,,1,,1.0
FR180,,pyFR,,2,,1.0
CH058,,pyFR,,1,,1.0
CH058,,pyFR,,2,,1.0
FR190,,pyFR,,1,,1.0
FR190,,pyFR,,2,,1.0
FR190,,pyFR,,3,,1.0
FR190,,pyFR,,4,,1.0
CH061,,pyFR,,1,,1.0
CH061,,pyFR,,2,,1.0
CH061,,pyFR,,3,,1.0
FR200,,pyFR,,0,,1.0
FR200,,pyFR,,1,,1.0
CH063,,pyFR,,1,,1.0
CH063,,pyFR,,2,,1.0
CH065,,pyFR,,1,,1.0
CH065,,pyFR,,2,,1.0
FR210,,pyFR,,0,,1.0
CH066,,pyFR,,1,,1.0
CH067,,pyFR,,1,,1.0
CH067,,pyFR,,2,,1.0
FR220,,pyFR,,0,,1.0
CH068,,pyFR,,1,,1.0
CH068,,pyFR,,2,,1.0
CH068,,pyFR,,3,,1.0
CH068,,pyFR,,4,,1.0
FR032,,pyFR,,1,,1.0
FR230,,pyFR,,0,,1.0
FR037,,pyFR,,1,,1.0
FR038,,pyFR,,1,,1.0
FR050,,pyFR,,1,,1.0
FR250,,pyFR,,0,,1.0
FR250,,pyFR,,2,,1.0
FR250,,pyFR,,3,,1.0
FR250,,pyFR,,4,,1.0
FR250,,pyFR,,5,,1.0
FR260,,pyFR,,0,,1.0
FR270,,pyFR,,0,,1.0
FR270,,pyFR,,1,,1.0
FR280,,pyFR,,0,,1.0
FR290,,pyFR,,1,,1.0
FZ001,,pyFR,,0,,1.0
FZ002,,pyFR,,0,,1.0
FZ003,,pyFR,,0,,1.0
FZ004,,pyFR,,0,,1.0
FZ005,,pyFR,,0,,1.0
FZ006,,pyFR,,0,,1.0
FZ007,,pyFR,,0,,1.0
FZ008,,pyFR,,0,,1.0
FZ009,,pyFR,,0,,1.0
TJ001,,pyFR,,0,,1.0
TJ001,,pyFR,,1,,1.0
TJ001,,pyFR,,2,,1.0
TJ003,,pyFR,,0,,1.0
TJ003,,pyFR,,1,,1.0
TJ003,,pyFR,,2,,1.0
TJ003,,pyFR,,3,,1.0
TJ004,,pyFR,,0,,1.0
TJ005,,pyFR,,0,,1.0
TJ005,,pyFR,,1,,1.0
TJ005,,pyFR,,2,,1.0
TJ005,,pyFR,,3,,1.0
TJ005,,pyFR,,4,,1.0
TJ005,,pyFR,,5,,1.0
TJ005,,pyFR,,6,,1.0
TJ005,,pyFR,,0,,1.0
TJ005,,pyFR,,1,,1.0
TJ005,,pyFR,,2,,1.0
TJ006,,pyFR,,0,,1.0
TJ010,,pyFR,,0,,1.0
TJ011,,pyFR,,0,,1.0
TJ013,,pyFR,,0,,1.0
TJ013,,pyFR,,1,,1.0
TJ013,,pyFR,,2,,1.0
TJ013,,pyFR,,3,,1.0
TJ015,,pyFR,,0,,1.0
TJ015,,pyFR,,1,,1.0
TJ015,,pyFR,,2,,1.0
TJ016,,pyFR,,0,,1.0
TJ016,,pyFR,,1,,1.0
TJ016,,pyFR,,2,,1.0
TJ017,,pyFR,,0,,1.0
TJ017,,pyFR,,1,,1.0
TJ018,,pyFR,,0,,1.0
TJ018,,pyFR,,2,,1.0
TJ018,,pyFR,,0,,1.0
TJ019,,pyFR,,0,,1.0
TJ019,,pyFR,,1,,1.0
TJ020,,pyFR,,0,,1.0
TJ020,,pyFR,,1,,1.0
TJ020,,pyFR,,2,,1.0
TJ020,,pyFR,,3,,1.0
TJ021,,pyFR,,0,,1.0
TJ022,,pyFR,,0,,1.0
TJ022,,pyFR,,1,,1.0
TJ022,,pyFR,,2,,1.0
TJ024,,pyFR,,0,,1.0
TJ024,,pyFR,,1,,1.0
TJ024,,pyFR,,2,,1.0
TJ024,,pyFR,,3,,1.0
TJ025,,pyFR,,0,,1.0
TJ025,,pyFR,,1,,1.0
TJ025,,pyFR,,2,,1.0
TJ025,,pyFR,,3,,1.0
TJ027,,pyFR,,0,,1.0
TJ027,,pyFR,,1,,1.0
TJ027,,pyFR,,2,,1.0
TJ027,,pyFR,,3,,1.0
TJ028,,pyFR,,0,,1.0
TJ028,,pyFR,,1,,1.0
TJ029,,pyFR,,0,,1.0
TJ029,,pyFR,,1,,1.0
TJ029,,pyFR,,2,,1.0
TJ030,,pyFR,,0,,1.0
TJ030,,pyFR,,1,,1.0
TJ030,,pyFR,,2,,1.0
TJ030,,pyFR,,3,,1.0
TJ031,,pyFR,,0,,1.0
TJ031,,pyFR,,1,,1.0
TJ031,,pyFR,,2,,1.0
TJ031,,pyFR,,3,,1.0
TJ032,,pyFR,,0,,1.0
TJ032,,pyFR,,1,,1.0
TJ032,,pyFR,,2,,1.0
TJ032,,pyFR,,3,,1.0
TJ033,,pyFR,,0,,1.0
TJ033,,pyFR,,1,,1.0
TJ034,,pyFR,,0,,1.0
TJ034,,pyFR,,1,,1.0
TJ035,,pyFR,,0,,1.0
TJ035,,pyFR,,1,,1.0
TJ036,,pyFR,,0,,1.0
TJ036,,pyFR,,1,,1.0
TJ037,,pyFR,,0,,1.0
TJ037,,pyFR,,1,,1.0
TJ037,,pyFR,,2,,1.0
TJ038,,pyFR,,0,,1.0
TJ038,,pyFR,,1,,1.0
TJ038,,pyFR,,2,,1.0
TJ038,,pyFR,,0,,1.0
TJ038,,pyFR,,1,,1.0
TJ039,,pyFR,,0,,1.0
TJ039,,pyFR,,1,,1.0
TJ039,,pyFR,,2,,1.0
TJ039,,pyFR,,3,,1.0
TJ039,,pyFR,,4,,1.0
TJ039,,pyFR,,5,,1.0
TJ039,,pyFR,,6,,1.0
TJ039,,pyFR,,7,,1.0
TJ040,,pyFR,,0,,1.0
TJ040,,pyFR,,0,,1.0
TJ041,,pyFR,,0,,1.0
TJ041,,pyFR,,1,,1.0
TJ041,,pyFR,,2,,1.0
TJ041,,pyFR,,3,,1.0
TJ041,,pyFR,,0,,1.0
TJ041,,pyFR,,1,,1.0
TJ041,,pyFR,,2,,1.0
TJ041,,pyFR,,3,,1.0
TJ041,,pyFR,,4,,1.0
TJ042,,pyFR,,0,,1.0
TJ042,,pyFR,,1,,1.0
TJ042,,pyFR,,2,,1.0
TJ043,,pyFR,,0,,1.0
TJ043,,pyFR,,1,,1.0
TJ043,,pyFR,,2,,1.0
TJ044,,pyFR,,0,,1.0
TJ044,,pyFR,,1,,1.0
TJ045,,pyFR,,1,,1.0
TJ045,,pyFR,,2,,1.0
TJ047,,pyFR,,0,,1.0
TJ047,,pyFR,,1,,1.0
TJ047,,pyFR,,2,,1.0
TJ048,,pyFR,,0,,1.0
TJ048,,pyFR,,1,,1.0
TJ048,,pyFR,,2,,1.0
TJ049,,pyFR,,0,,1.0
TJ049,,pyFR,,1,,1.0
TJ050,,pyFR,,0,,1.0
TJ050,,pyFR,,1,,1.0
TJ050,,pyFR,,2,,1.0
TJ051,,pyFR,,0,,1.0
TJ051,,pyFR,,1,,1.0
TJ051,,pyFR,,2,,1.0
TJ051,,pyFR,,3,,1.0
TJ051,,pyFR,,4,,1.0
TJ052,,pyFR,,0,,1.0
TJ053,,pyFR,,1,,1.0
TJ053,,pyFR,,0,,1.0
TJ054,,pyFR,,0,,1.0
TJ054,,pyFR,,1,,1.0
TJ054,,pyFR,,2,,1.0
TJ055,,pyFR,,0,,1.0
TJ055,,pyFR,,1,,1.0
TJ056,,pyFR,,0,,1.0
TJ057,,pyFR,,0,,1.0
TJ057,,pyFR,,1,,1.0
TJ057,,pyFR,,2,,1.0
TJ058,,pyFR,,0,,1.0
TJ059,,pyFR,,0,,1.0
TJ060,,pyFR,,0,,1.0
TJ060,,pyFR,,1,,1.0
TJ060,,pyFR,,2,,1.0
TJ061,,pyFR,,0,,1.0
TJ062,,pyFR,,0,,1.0
TJ062,,pyFR,,1,,1.0
TJ064,,pyFR,,0,,1.0
TJ064,,pyFR,,1,,1.0
TJ064,,pyFR,,0,,1.0
TJ065,,pyFR,,0,,1.0
TJ065,,pyFR,,1,,1.0
TJ066,,pyFR,,0,,1.0
TJ066,,pyFR,,1,,1.0
TJ068,,pyFR,,0,,1.0
TJ068,,pyFR,,1,,1.0
TJ069,,pyFR,,0,,1.0
TJ069,,pyFR,,1,,1.0
TJ069,,pyFR,,0,,1.0
TJ069,,pyFR,,1,,1.0
TJ071,,pyFR,,0,,1.0
TJ072,,pyFR,,0,,1.0
TJ073,,pyFR,,0,,1.0
TJ073,,pyFR,,1,,1.0
TJ073,,pyFR,,2,,1.0
TJ074,,pyFR,,0,,1.0
TJ074,,pyFR,,1,,1.0
TJ074,,pyFR,,2,,1.0
TJ075,,pyFR,,0,,1.0
TJ075,,pyFR,,1,,1.0
TJ075,,pyFR,,2,,1.0
TJ077,,pyFR,,0,,1.0
TJ077,,pyFR,,1,,1.0
TJ078,,pyFR,,0,,1.0
TJ078,,pyFR,,0,,1.0
TJ079,,pyFR,,0,,1.0
TJ079,,pyFR,,1,,1.0
TJ079,,pyFR,,2,,1.0
TJ079,,pyFR,,3,,1.0
TJ079,,pyFR,,4,,1.0
TJ080,,pyFR,,0,,1.0
TJ080,,pyFR,,1,,1.0
TJ081,,pyFR,,0,,1.0
TJ082,,pyFR,,0,,1.0
TJ083,,pyFR,,0,,1.0
UP001,,pyFR,,0,,1.0
UP001,,pyFR,,1,,1.0
UP001,,pyFR,,2,,1.0
UP001,,pyFR,,3,,1.0
UP002,,pyFR,,0,,1.0
UP002,,pyFR,,1,,1.0
UP003,,pyFR,,1,,1.0
UP003,,pyFR,,2,,1.0
UP003,,pyFR,,3,,1.0
UP004,,pyFR,,0,,1.0
UP004,,pyFR,,1,,1.0
UP004,,pyFR,,2,,1.0
UP004,,pyFR,,3,,1.0
UP005,,pyFR,,0,,1.0
UP005,,pyFR,,1,,1.0
UP005,,pyFR,,2,,1.0
UP005,,pyFR,,3,,1.0
UP006,,pyFR,,0,,1.0
UP006,,pyFR,,1,,1.0
UP006,,pyFR,,2,,1.0
UP007,,pyFR,,1,,1.0
UP007,,pyFR,,2,,1.0
UP008,,pyFR,,0,,1.0
UP008,,pyFR,,1,,1.0
UP011,,pyFR,,0,,1.0
UP011,,pyFR,,1,,1.0
UP011,,pyFR,,2,,1.0
UP016,,pyFR,,0,,1.0
UP017,,pyFR,,0,,1.0
UP017,,pyFR,,1,,1.0
UP017,,pyFR,,2,,1.0
UP017,,pyFR,,3,,1.0
UP019,,pyFR,,0,,1.0
UP019,,pyFR,,1,,1.0
UP020,,pyFR,,0,,1.0
UP020,,pyFR,,1,,1.0
UP020,,pyFR,,2,,1.0
UP021,,pyFR,,0,,1.0
UP021,,pyFR,,1,,1.0
UP021,,pyFR,,2,,1.0
UP022,,pyFR,,0,,1.0
UP022,,pyFR,,1,,1.0
UP024,,pyFR,,0,,1.0
UP024,,pyFR,,1,,1.0
UP024,,pyFR,,2,,1.0
UP028,,pyFR,,0,,1.0
UP029,,pyFR,,0,,1.0
UP034,,pyFR,,0,,1.0
UP034,,pyFR,,1,,1.0
UP036,,pyFR,,0,,1.0
UP037,,pyFR,,0,,1.0
UP037,,pyFR,,1,,1.0
UP037,,pyFR,,2,,1.0
UP038,,pyFR,,0,,1.0
UP040,,pyFR,,0,,1.0
UP040,,pyFR,,1,,1.0
UP040,,pyFR,,2,,1.0
UP040,,pyFR,,3,,1.0
UP041,,pyFR,,0,,1.0
UP041,,pyFR,,1,,1.0
UP041,,pyFR,,2,,1.0
UP042,,pyFR,,0,,1.0
UP043,,pyFR,,0,,1.0
UP043,,pyFR,,1,,1.0
UP044,,pyFR,,0,,1.0
UP044,,pyFR,,1,,1.0
UP044,,pyFR,,0,,1.0
UP044,,pyFR,,1,,1.0
UP044,,pyFR,,2,,1.0
UP045,,pyFR,,0,,1.0
UP045,,pyFR,,1,,1.0
UP045,,pyFR,,2,,1.0
UP045,,pyFR,,3,,1.0
UP046,,pyFR,,0,,1.0
UP046,,pyFR,,1,,1.0
UP046,,pyFR,,2,,1.0
R1001P,R1001P,FR1,,0,0,1.0
R1001P,R1001P,FR1,,1,1,1.0
R1001P,R1001P,FR2,,0,0,1.0
R1001P,R1001P,FR2,,1,1,1.0
R1001P,R1001P,PAL1,,0,0,1.0
R1001P,R1001P,PAL1,,1,1,1.0
R1001P,R1001P,YC1,,0,0,1.0
R1001P,R1001P,YC1,,1,1,1.0
R1001P,R1001P,YC1,,2,2,1.0
R1002P,R1002P,FR1,,0,0,1.0
R1002P,R1002P,FR1,,1,1,1.0
R1002P,R1002P,FR2,,0,0,1.0
R1002P,R1002P,FR2,,1,1,1.0
R1002P,R1002P,FR2,,2,2,1.0
R1002P,R1002P,PAL1,,0,0,1.0
R1002P,R1002P,PAL1,,1,1,1.0
R1002P,R1002P,PAL1,,2,2,1.0
R1003P,R1003P,FR1,,0,,1.0
R1003P,R1003P,FR1,,1,,1.0
R1003P,R1003P,FR2,,0,0,1.0
R1003P,R1003P,PAL1,,0,0,1.0
R1003P,R1003P,PAL1,,1,1,1.0
R1003P,R1003P,PAL2,,0,0,1.0
R1003P,R1003P,PAL2,,1,1,1.0
R1004D,R1004D,catFR1,,0,0,1.0
R1006P,R1006P,FR1,,0,0,1.0
R1006P,R1006P,FR1,,1,1,1.0
R1006P,R1006P_1,FR2,,0,0,1.0
R1006P,R1006P_1,FR2,,1,1,1.0
R1006P,R1006P,YC1,,0,0,1.0
R1006P,R1006P,YC1,,1,1,1.0
R1006P,R1006P,YC1,,2,2,1.0
R1006P,R1006P,YC2,,0,0,1.0
R1006P,R1006P,YC2,,1,1,1.0
R1006P,R1006P_1,YC2,,2,0,1.0
R1008J,R1008J,YC1,,0,0,1.0
R1009W,R1009W,YC1,,0,0,1.0
R1010J,R1010J,FR1,,0,0,1.0
R1010J,R1010J,FR1,,1,1,1.0
R1010J,R1010J,YC1,,0,0,1.0
R1010J,R1010J,YC1,,1,1,1.0
R1013E,R1013E,YC1,,0,0,1.0
R1013E,R1013E_1,YC1,,1,0,1.0
R1013E,R1013E_1,YC2,,0,0,1.0
R1013E,R1013E_1,YC2,,1,1,1.0
R1013E,R1013E_1,catFR1,,0,0,1.0
R1014D,R1014D,YC1,,0,0,1.0
R1014D,R1014D,YC1,,1,1,1.0
R1015J,R1015J,FR1,,0,0,1.0
R1015J,R1015J,YC1,,0,0,1.0
R1015J,R1015J,YC1,,1,1,1.0
R1015J,R1015J,YC2,,0,0,1.0
R1015J,R1015J,YC2,,1,1,1.0
R1015J,R1015J,YC2,,2,2,1.0
R1015J,R1015J,YC2,,3,3,1.0
R1015J,R1015J,YC2,,4,4,1.0
R1015J,R1015J,YC2,,5,5,1.0
R1015J,R1015J,YC2,,6,6,1.0
R1015J,R1015J,catFR1,,0,0,1.0
R1016M,R1016M,FR2,,0,0,1.0
R1016M,R1016M,PAL1,,0,0,1.0
R1016M,R1016M,PAL2,,0,0,1.0
R1016M,R1016M,PAL2,,1,1,1.0
R1016M,R1016M,PAL2,,2,2,1.0
R1016M,R1016M,catFR1,,0,0,1.0
R1016M,R1016M,catFR1,,1,1,1.0
R1016M,R1016M,catFR2,,0,0,1.0
R1017J,R1017J,YC2,,0,0,1.0
R1018P,R1018P,FR1,,0,0,1.0
R1018P,R1018P,FR2,,0,0,1.0
R1018P,R1018P_1,FR2,,1,0,1.0
R1018P,R1018P_1,PAL1,,0,0,1.0
R1018P,R1018P,YC1,,0,0,1.0
R1019J,R1019J,YC1,,0,0,1.0
R1019J,R1019J,YC1,,1,1,1.0
R1019J,R1019J,YC1,,2,2,1.0
R1019J,R1019J,YC2,,0,0,1.0
R1019J,R1019J,YC2,,1,1,1.0
R1019J,R1019J,YC2,,2,2,1.0
R1019J,R1019J,YC2,,3,3,1.0
R1019J,R1019J,YC2,,4,4,1.0
R1019J,R1019J,YC2,,5,5,1.0
R1019J,R1019J,YC2,,6,6,1.0
R1020J,R1020J,FR1,,0,0,1.0
R1020J,R1020J,FR2,,0,0,1.0
R1020J,R1020J,FR2,,1,1,1.0
R1020J,R1020J,FR2,,2,2,1.0
R1020J,R1020J,FR2,,3,3,1.0
R1020J,R1020J,YC2,,0,0,1.0
R1020J,R1020J,YC2,,1,1,1.0
R1021D,R1021D,YC1,,0,0,1.0
R1021D,R1021D,YC1,,1,1,1.0
R1021D,R1021D,catFR1,,0,0,1.0
R1022J,R1022J,FR1,,0,0,1.0
R1022J,R1022J,FR2,,0,0,1.0
R1022J,R1022J,FR2,,1,1,1.0
R1023J,R1023J,FR1,,0,0,1.0
R1023J,R1023J,FR2,,0,0,1.0
R1023J,R1023J,FR2,,1,1,1.0
R1023J,R1023J,PAL1,,0,0,1.0
R1023J,R1023J,YC1,,0,0,1.0
R1023J,R1023J,YC1,,1,1,1.0
R1023J,R1023J,YC2,,0,0,1.0
R1023J,R1023J,YC2,,1,1,1.0
R1024E,R1024E_2,FR2,,0,0,1.0
R1024E,R1024E,YC1,,0,0,1.0
R1024E,R1024E_1,YC1,,1,0,1.0
R1024E,R1024E,YC2,,0,0,1.0
R1024E,R1024E,YC2,,1,1,1.0
R1024E,R1024E_1,YC2,,2,0,1.0
R1024E,R1024E_2,YC2,,3,1,1.0
R1024E,R1024E_1,catFR1,,0,0,1.0
R1024E,R1024E_1,catFR2,,0,0,1.0
R1024E,R1024E_1,catFR2,,1,1,1.0
R1025P,R1025P,PS1,PS,0,0,1.0
R1025P,R1025P,YC1,,0,0,1.0
R1026D,R1026D,FR1,,0,0,1.0
R1026D,R1026D,FR2,,0,0,1.0
R1026D,R1026D,FR2,,1,1,1.0
R1026D,R1026D,YC1,,0,0,1.0
R1026D,R1026D,YC2,,0,0,1.0
R1026D,R1026D,YC2,,1,1,1.0
R1026D,R1026D,catFR1,,0,0,1.0
R1026D,R1026D,catFR2,,0,0,1.0
R1026D,R1026D,catFR2,,1,1,1.0
R1026D,R1026D,catFR2,,2,2,1.0
R1027J,R1027J,FR1,,0,,1.0
R1027J,R1027J,FR2,,0,0,1.0
R1027J,R1027J,FR2,,1,1,1.0
R1027J,R1027J,FR2,,2,2,1.0
R1027J,R1027J,YC2,,0,0,1.0
R1027J,R1027J,YC2,,1,1,1.0
R1027J,R1027J,YC2,,2,2,1.0
R1027J,R1027J,YC2,,3,3,1.0
R1028M,R1028M,FR2,,0,0,1.0
R1028M,R1028M,FR2,,1,1,1.0
R1028M,R1028M,FR2,,2,2,1.0
R1028M,R1028M,PAL1,,0,0,1.0
R1028M,R1028M,PAL1,,1,1,1.0
R1028M,R1028M,PAL2,,0,0,1.0
R1028M,R1028M,catFR1,,0,0,1.0
R1028M,R1028M,catFR1,,1,1,1.0
R1028M,R1028M,catFR2,,0,0,1.0
R1029W,R1029W,catFR2,,0,0,1.0
R1029W,R1029W,catFR2,,1,1,1.0
R1030J,R1030J,FR1,,0,0,1.0
R1030J,R1030J,FR2,,0,0,1.0
R1030J,R1030J,FR2,,1,1,1.0
R1030J,R1030J,FR2,,2,2,1.0
R1030J,R1030J,FR2,,3,3,1.0
R1030J,R1030J,FR2,,4,4,1.0
R1030J,R1030J,FR2,,5,5,1.0
R1030J,R1030J,FR2,,6,6,1.0
R1030J,R1030J,PS1,PS,0,1,1.0
R1030J,R1030J,YC1,,0,0,1.0
R1030J,R1030J,YC2,,0,0,1.0
R1030J,R1030J,YC2,,1,1,1.0
R1030J,R1030J,YC2,,2,2,1.0
R1030J,R1030J,YC2,,3,3,1.0
R1031M,R1031M,FR1,,0,0,1.0
R1031M,R1031M,FR2,,0,0,1.0
R1031M,R1031M,PAL1,,0,0,1.0
R1031M,R1031M,PAL2,,0,0,1.0
R1031M,R1031M,PAL2,,1,1,1.0
R1031M,R1031M,catFR1,,0,0,1.0
R1031M,R1031M,catFR2,,0,0,1.0
R1032D,R1032D,FR1,,0,0,1.0
R1032D,R1032D,YC1,,0,0,1.0
R1032D,R1032D,YC2,,0,0,1.0
R1032D,R1032D,YC2,,1,1,1.0
R1032D,R1032D,catFR1,,0,0,1.0
R1032D,R1032D,catFR1,,1,1,1.0
R1033D,R1033D,FR1,,0,,1.0
R1033D,R1033D,FR2,,0,0,1.0
R1033D,R1033D,FR2,,1,1,1.0
R1033D,R1033D,FR2,,2,2,1.0
R1033D,R1033D,YC1,,0,0,1.0
R1033D,R1033D,YC2,,0,0,1.0
R1033D,R1033D,YC2,,1,1,1.0
R1034D,R1034D,FR1,,0,,1.0
R1034D,R1034D,FR1,,1,,1.0
R1034D,R1034D,FR1,,2,,1.0
R1034D,R1034D,PS1,PS,0,2,1.0
R1034D,R1034D,PS1,PS,1,5,1.0
R1034D,R1034D,PS1,PS,2,8,1.0
R1034D,R1034D,PS3,PS,0,3,1.0
R1034D,R1034D,PS3,PS,1,9,1.0
R1034D,R1034D,PS3,PS,2,12,1.0
R1034D,R1034D,YC1,,0,0,1.0
R1034D,R1034D,YC1,,1,1,1.0
R1035M,R1035M,FR1,,0,,1.0
R1035M,R1035M,FR2,,0,0,1.0
R1035M,R1035M,PAL1,,0,0,1.0
R1035M,R1035M,catFR1,,0,0,1.0
R1036M,R1036M,FR1,,0,0,1.0
R1036M,R1036M,FR2,,0,0,1.0
R1036M,R1036M,PAL1,,0,0,1.0
R1036M,R1036M,PAL2,,0,0,1.0
R1036M,R1036M,catFR1,,0,0,1.0
R1036M,R1036M,catFR2,,0,0,1.0
R1036M,R1036M,catFR2,,1,1,1.0
R1036M,R1036M,catFR2,,2,2,1.0
R1037D,R1037D,YC1,,0,0,1.0
R1037D,R1037D,YC1,,1,1,1.0
R1037D,R1037D,YC1,,2,2,1.0
R1037D,R1037D,YC2,,0,0,1.0
R1037D,R1037D,YC2,,1,1,1.0
R1037D,R1037D,YC2,,2,2,1.0
R1037D,R1037D,YC2,,3,4,1.0
R1037D,R1037D,YC2,,4,5,1.0
R1039M,R1039M,FR1,,0,0,1.0
R1039M,R1039M,catFR1,,0,0,1.0
R1039M,R1039M,catFR2,,0,0,1.0
R1041M,R1041M,YC1,,0,0,1.0
R1041M,R1041M,YC1,,1,1,1.0
R1041M,R1041M,YC1,,2,2,1.0
R1041M,R1041M,catFR1,,0,0,1.0
R1041M,R1041M,catFR2,,0,0,1.0
R1042M,R1042M,FR1,,0,0,1.0
R1042M,R1042M,FR2,,0,0,1.0
R1042M,R1042M,PAL1,,0,0,1.0
R1042M,R1042M,YC1,,0,0,1.0
R1042M,R1042M,YC2,,0,0,1.0
R1042M,R1042M,catFR1,,0,0,1.0
R1042M,R1042M,catFR2,,0,0,1.0
R1044J,R1044J,FR1,,0,0,1.0
R1044J,R1044J,PS1,PS,0,1,1.0
R1044J,R1044J,PS1,PS,1,3,1.0
R1044J,R1044J,YC1,,0,0,1.0
R1044J,R1044J,catFR1,CatFR1,0,,1.0
R1045E,R1045E,FR1,,0,0,1.0
R1045E,R1045E,PS1,PS,0,2,1.0
R1045E,R1045E,YC1,,0,0,1.0
R1045E,R1045E,YC1,,1,1,1.0
R1045E,R1045E,catFR1,,0,0,1.0
R1045E,R1045E,catFR1,,1,1,1.0
R1047D,R1047D,YC1,,0,0,1.0
R1047D,R1047D,YC1,,1,1,1.0
R1047D,R1047D,YC2,,0,1,1.0
R1048E,R1048E,FR1,,0,0,1.0
R1048E,R1048E_1,FR2,,0,0,1.0
R1048E,R1048E,YC1,,0,0,1.0
R1049J,R1049J,FR1,,0,,1.0
R1049J,R1049J,YC1,,0,0,1.0
R1049J,R1049J,YC1,,1,1,1.0
R1050M,R1050M,FR1,,0,0,1.0
R1050M,R1050M,FR2,,0,0,1.0
R1050M,R1050M,PAL1,,0,0,1.0
R1050M,R1050M,PAL2,,0,0,1.0
R1050M,R1050M,PS1,PS,0,2,1.0
R1050M,R1050M,PS2,PS,0,3,1.0
R1050M,R1050M,PS3,PS,0,4,1.0
R1050M,R1050M,YC1,,0,0,1.0
R1050M,R1050M,YC2,,0,0,1.0
R1050M,R1050M,catFR1,,0,0,1.0
R1050M,R1050M,catFR2,,0,0,1.0
R1051J,R1051J,FR1,,0,0,1.0
R1051J,R1051J,FR1,,1,1,1.0
R1051J,R1051J,FR1,,2,2,1.0
R1051J,R1051J,PS1,PS,0,1,1.0
R1051J,R1051J,PS1,PS,1,4,1.0
R1051J,R1051J,PS2,PS,0,5,1.0
R1051J,R1051J,PS3,PS,0,2,1.0
R1051J,R1051J,PS3,PS,1,6,1.0
R1051J,R1051J,YC1,,0,0,1.0
R1051J,R1051J,YC1,,1,1,1.0
R1052E,R1052E_1,FR1,,0,0,1.0
R1052E,R1052E_1,FR1,,1,1,1.0
R1052E,R1052E_1,FR2,,0,0,1.0
R1052E,R1052E_1,PS1,PS,0,2,1.0
R1052E,R1052E,YC1,,0,0,1.0
R1052E,R1052E_1,YC1,,1,0,1.0
R1052E,R1052E_1,YC1,,2,1,1.0
R1052E,R1052E_2,YC1,,3,0,1.0
R1052E,R1052E_2,YC1,,4,1,1.0
R1053M,R1053M,FR1,,0,0,1.0
R1053M,R1053M,FR2,,0,0,1.0
R1054J,R1054J,FR1,,0,0,1.0
R1054J,R1054J,FR1,,1,1,1.0
R1054J,R1054J,PS1,PS,0,0,1.0
R1054J,R1054J,PS1,PS,1,1,1.0
R1054J,R1054J,PS3,PS,0,2,1.0
R1054J,R1054J,PS3,PS,1,3,1.0
R1054J,R1054J,YC1,,0,0,1.0
R1056M,R1056M,FR1,,0,,1.0
R1056M,R1056M,FR2,,0,0,1.0
R1056M,R1056M,PAL1,,0,0,1.0
R1056M,R1056M,PS1,PS,0,0,1.0
R1056M,R1056M,PS1,PS,1,4,1.0
R1056M,R1056M,PS1,PS,2,8,1.0
R1056M,R1056M,PS1,PS,3,12,1.0
R1056M,R1056M,PS1,PS,4,15,1.0
R1056M,R1056M,PS2,PS,0,1,1.0
R1056M,R1056M,PS2,PS,1,5,1.0
R1056M,R1056M,PS2,PS,2,9,1.0
R1056M,R1056M,PS2,PS,3,13,1.0
R1056M,R1056M,PS2,PS,4,16,1.0
R1056M,R1056M,PS3,PS,0,2,1.0
R1056M,R1056M,PS3,PS,1,6,1.0
R1056M,R1056M,PS3,PS,2,10,1.0
R1056M,R1056M,PS3,PS,3,14,1.0
R1056M,R1056M,PS3,PS,4,17,1.0
R1056M,R1056M,YC1,,0,0,1.0
R1056M,R1056M,YC2,,0,0,1.0
R1056M,R1056M,catFR1,,0,0,1.0
R1057E,R1057E,FR1,,0,,1.0
R1059J,R1059J,FR1,,0,0,1.0
R1059J,R1059J,FR1,,1,1,1.0
R1059J,R1059J_1,PS1,PS,0,1,1.0
R1059J,R1059J_1,PS1,PS,1,10,1.0
R1059J,R1059J_1,PS1,PS,2,14,1.0
R1059J,R1059J_2,PS1,PS,3,6,1.0
R1059J,R1059J_1,PS2,PS,0,3,1.0
R1059J,R1059J_1,PS2,PS,1,12,1.0
R1059J,R1059J_1,PS2,PS,2,16,1.0
R1059J,R1059J_2,PS2,PS,3,8,1.0
R1059J,R1059J_1,PS3,PS,0,2,1.0
R1059J,R1059J_1,PS3,PS,1,11,1.0
R1059J,R1059J_1,PS3,PS,2,15,1.0
R1059J,R1059J_2,PS3,PS,3,7,1.0
R1059J,R1059J_1,YC1,,0,0,1.0
R1060M,R1060M,FR1,,0,0,1.0
R1060M,R1060M,FR1,,1,1,1.0
R1060M,R1060M,FR1,,2,2,1.0
R1060M,R1060M,FR1,,3,3,1.0
R1060M,R1060M,FR2,,0,0,1.0
R1060M,R1060M,FR2,,1,1,1.0
R1060M,R1060M,PAL1,,0,0,1.0
R1060M,R1060M,PAL2,,0,0,1.0
R1060M,R1060M,PAL2,,1,2,1.0
R1060M,R1060M,PS1,PS,0,1,1.0
R1060M,R1060M,PS2,PS,0,5,1.0
R1060M,R1060M,PS3,PS,0,3,1.0
R1060M,R1060M,YC1,,0,0,1.0
R1060M,R1060M,YC1,,1,2,1.0
R1060M,R1060M,YC2,,0,0,1.0
R1060M,R1060M,catFR1,,0,0,1.0
R1060M,R1060M,catFR2,,0,0,1.0
R1061T,R1061T,FR1,,0,0,1.0
R1061T,R1061T,FR1,,1,1,1.0
R1061T,R1061T,FR1,,2,2,1.0
R1061T,R1061T,FR1,,3,3,1.0
R1061T,R1061T,PS1,PS,0,1,1.0
R1061T,R1061T,PS1,PS,1,3,1.0
R1061T,R1061T,YC1,,0,0,1.0
R1061T,R1061T,YC2,,0,0,1.0
R1061T,R1061T,catFR1,,0,0,1.0
R1062J,R1062J,FR1,,0,0,1.0
R1062J,R1062J,FR1,,1,1,1.0
R1062J,R1062J,FR1,,2,2,1.0
R1062J,R1062J,FR1,,3,3,1.0
R1062J,R1062J,PS1,PS,0,2,1.0
R1062J,R1062J,PS3,PS,0,3,1.0
R1062J,R1062J,YC1,,0,1,1.0
R1062J,R1062J,YC1,,1,3,1.0
R1063C,R1063C,FR1,,0,,1.0
R1063C,R1063C_1,FR1,,1,0,1.0
R1063C,R1063C_1,PAL1,,0,0,1.0
R1063C,R1063C_1,YC1,,0,0,1.0
R1063C,R1063C_1,YC1,,1,1,1.0
R1064E,R1064E,PS1,PS,0,1,1.0
R1064E,R1064E_1,PS1,PS,1,1,1.0
R1064E,R1064E,PS2,PS,0,2,1.0
R1064E,R1064E_1,PS2,PS,1,2,1.0
R1064E,R1064E,PS3,PS,0,3,1.0
R1064E,R1064E_1,PS3,PS,1,3,1.0
R1064E,R1064E,YC1,,0,0,1.0
R1064E,R1064E,YC1,,1,1,1.0
R1064E,R1064E_1,YC1,,2,0,1.0
R1065J,R1065J,FR1,,0,0,1.0
R1065J,R1065J,FR1,,1,1,1.0
R1065J,R1065J,FR1,,2,2,1.0
R1065J,R1065J,FR1,,3,3,1.0
R1065J,R1065J,FR1,,4,4,1.0
R1065J,R1065J,FR1,,5,5,1.0
R1065J,R1065J,PAL1,,0,0,1.0
R1065J,R1065J,PAL1,,1,1,1.0
R1065J,R1065J,PAL1,,2,2,1.0
R1065J,R1065J,PS1,PS,0,1,1.0
R1065J,R1065J,YC1,,0,0,1.0
R1065J,R1065J,YC1,,1,1,1.0
R1065J,R1065J,YC1,,2,2,1.0
R1065J,R1065J,YC1,,3,3,1.0
R1065J,R1065J,YC1,,4,4,1.0
R1065J,R1065J,YC1,,5,5,1.0
R1065J,R1065J,YC2,,0,0,1.0
R1065J,R1065J,catFR1,,0,0,1.0
R1065J,R1065J,catFR1,,1,1,1.0
R1065J,R1065J,catFR1,,2,2,1.0
R1065J,R1065J,catFR1,,3,3,1.0
R1066P,R1066P,FR1,,0,,1.0
R1066P,R1066P,FR1,,1,,1.0
R1066P,R1066P,FR1,,2,,1.0
R1066P,R1066P,FR1,,3,,1.0
R1066P,R1066P,PAL1,,0,0,1.0
R1066P,R1066P,PS1,PS,0,1,1.0
R1066P,R1066P,PS3,PS,0,2,1.0
R1066P,R1066P,YC1,,0,0,1.0
R1066P,R1066P,YC1,,1,1,1.0
R1066P,R1066P,YC1,,2,2,1.0
R1066P,R1066P_1,YC1,,3,0,1.0
R1066P,R1066P,catFR1,,0,,1.0
R1066P,R1066P,catFR1,,1,,1.0
R1066P,R1066P,catFR1,,2,,1.0
R1067P,R1067P,FR1,,0,0,1.0
R1067P,R1067P,FR1,,1,2,1.0
R1067P,R1067P,FR1,,2,3,1.0
R1067P,R1067P,PS1,PS,0,1,1.0
R1067P,R1067P,PS1,PS,1,4,1.0
R1067P,R1067P,PS3,PS,0,2,1.0
R1067P,R1067P,PS3,PS,1,5,1.0
R1067P,R1067P,YC1,,0,0,1.0
R1067P,R1067P,catFR1,,0,0,1.0
R1067P,R1067P,catFR1,,1,1,1.0
R1067P,R1067P,catFR2,,0,0,1.0
R1068J,R1068J,FR1,,0,,1.0
R1068J,R1068J,FR1,,1,,1.0
R1068J,R1068J,FR1,,2,,1.0
R1068J,R1068J,PS1,PS,0,4,1.0
R1068J,R1068J,PS2,PS,0,5,1.0
R1068J,R1068J,PS2,PS,1,7,1.0
R1068J,R1068J,YC1,,0,0,1.0
R1068J,R1068J,YC1,,1,1,1.0
R1069M,R1069M,FR1,,0,,1.0
R1069M,R1069M,FR2,,0,0,1.0
R1069M,R1069M,PAL1,,0,0,1.0
R1069M,R1069M,PS1,PS,0,1,1.0
R1069M,R1069M,PS2,PS,0,2,1.0
R1069M,R1069M,PS3,PS,0,3,1.0
R1069M,R1069M,YC1,,0,0,1.0
R1069M,R1069M,YC2,,0,0,1.0
R1069M,R1069M,catFR1,,0,,1.0
R1069M,R1069M,catFR2,,0,0,1.0
R1070T,R1070T,FR1,,0,0,1.0
R1070T,R1070T,FR1,,1,,1.0
R1070T,R1070T,FR1,,2,2,1.0
R1070T,R1070T,FR2,,0,0,1.0
R1070T,R1070T,PS1,PS,0,1,1.0
R1070T,R1070T,PS1,PS,1,2,1.0
R1073J,R1073J,PS1,PS,0,2,1.0
R1073J,R1073J,PS1,PS,1,5,1.0
R1073J,R1073J,PS3,PS,0,3,1.0
R1073J,R1073J,PS3,PS,1,6,1.0
R1073J,R1073J,YC1,,0,0,1.0
R1074M,R1074M,FR1,,0,0,1.0
R1074M,R1074M,FR2,,0,0,1.0
R1074M,R1074M,PAL1,,0,0,1.0
R1074M,R1074M,PAL2,,0,0,1.0
R1074M,R1074M,PS1,PS,0,1,1.0
R1074M,R1074M,PS1,PS,1,5,1.0
R1074M,R1074M,PS1,PS,2,10,1.0
R1074M,R1074M,PS2,PS,0,2,1.0
R1074M,R1074M,PS2,PS,1,7,1.0
R1074M,R1074M,PS2,PS,2,11,1.0
R1074M,R1074M,PS3,PS,0,3,1.0
R1074M,R1074M,PS3,PS,1,8,1.0
R1074M,R1074M,PS3,PS,2,12,1.0
R1074M,R1074M,YC1,,0,0,1.0
R1074M,R1074M,YC2,,0,0,1.0
R1074M,R1074M,catFR1,,0,0,1.0
R1074M,R1074M,catFR2,,0,0,1.0
R1075J,R1075J,FR1,,0,,1.0
R1075J,R1075J,FR1,,1,,1.0
R1075J,R1075J,YC1,,0,0,1.0
R1075J,R1075J,YC1,,1,1,1.0
R1075J,R1075J,catFR1,,0,,1.0
R1077T,R1077T,FR1,,0,0,1.0
R1077T,R1077T,FR1,,1,1,1.0
R1077T,R1077T,FR1,,2,2,1.0
R1077T,R1077T,FR1,,3,3,1.0
R1077T,R1077T,FR2,,0,0,1.0
R1077T,R1077T,PS1,PS,0,1,1.0
R1077T,R1077T,PS1,PS,1,2,1.0
R1077T,R1077T,PS2,PS,0,3,1.0
R1077T,R1077T,PS3,PS,0,4,1.0
R1077T,R1077T,YC1,,0,0,1.0
R1077T,R1077T,YC1,,1,1,1.0
R1078N,R1078N,PAL1,,0,0,1.0
R1079E,R1079E,YC1,,0,0,1.0
R1080E,R1080E,FR1,,0,0,1.0
R1080E,R1080E,FR1,,1,1,1.0
R1081J,R1081J,FR1,,0,0,1.0
R1081J,R1081J,FR1,,1,1,1.0
R1081J,R1081J,PS1,PS,0,1,1.0
R1081J,R1081J,PS3,PS,0,2,1.0
R1082N,R1082N,PAL1,,0,0,1.0
R1082N,R1082N,PAL1,,1,1,1.0
R1082N,R1082N,PAL2,,0,0,1.0
R1083J,R1083J,FR1,,0,0,1.0
R1083J,R1083J,FR1,,1,1,1.0
R1083J,R1083J,FR1,,2,2,1.0
R1083J,R1083J,FR1,,3,3,1.0
R1083J,R1083J,FR1,,4,4,1.0
R1083J,R1083J,YC1,,0,0,1.0
R1083J,R1083J,catFR1,,0,0,1.0
R1084T,R1084T,FR1,,0,,1.0
R1084T,R1084T,PS1,PS,0,4,1.0
R1084T,R1084T,PS2,PS,0,1,1.0
R1085C,R1085C,FR2,,0,0,1.0
R1086M,R1086M,FR1,,0,0,1.0
R1086M,R1086M,PAL1,,0,0,1.0
R1086M,R1086M,PS1,PS,0,1,1.0
R1086M,R1086M,PS1,PS,1,5,1.0
R1086M,R1086M,PS2,PS,0,2,1.0
R1086M,R1086M,PS3,PS,0,3,1.0
R1086M,R1086M,YC1,,0,0,1.0
R1086M,R1086M,catFR1,,0,0,1.0
R1087N,R1087N,PAL1,,0,0,1.0
R1087N,R1087N,PAL1,,1,1,1.0
R1087N,R1087N,PS1,PS,0,2,1.0
R1089P,R1089P,FR1,,0,0,1.0
R1089P,R1089P,PAL1,,0,0,1.0
R1089P,R1089P,PS2,PS,0,1,1.0
R1089P,R1089P,PS2,PS,1,2,1.0
R1089P,R1089P,YC1,,0,0,1.0
R1089P,R1089P,catFR1,,0,0,1.0
R1090C,R1090C,PAL1,,0,0,1.0
R1091N,R1091N,PAL1,,0,0,1.0
R1091N,R1091N,PAL1,,1,1,1.0
R1091N,R1091N,PAL1,,2,2,1.0
R1091N,R1091N,PAL1,,3,3,1.0
R1091N,R1091N,PAL2,,1,1,1.0
R1092J,R1092J,catFR1,,0,0,1.0
R1092J,R1092J_1,catFR2,,0,0,1.0
R1093J,R1093J_1,PS2,PS,0,1,1.0
R1093J,R1093J_1,PS2,PS,1,2,1.0
R1093J,R1093J,catFR1,,0,0,1.0
R1094T,R1094T,FR1,,0,,1.0
R1094T,R1094T,FR1,,1,1,1.0
R1094T,R1094T,FR1,,2,2,1.0
R1094T,R1094T,PS1,PS,0,1,1.0
R1094T,R1094T,PS1,PS,1,2,1.0
R1094T,R1094T,PS2,PS,0,3,1.0
R1094T,R1094T,PS2,PS,1,6,1.0
R1094T,R1094T,catFR1,,0,0,1.0
R1095N,R1095N,PAL1,,0,0,1.0
R1095N,R1095N,PAL1,,1,1,1.0
R1095N,R1095N,PAL1,,2,2,1.0
R1095N,R1095N,PAL2,,0,0,1.0
R1096E,R1096E,FR1,,0,0,1.0
R1096E,R1096E,FR1,,1,1,1.0
R1096E,R1096E,PS2,PS,0,2,1.0
R1096E,R1096E,PS2,PS,1,4,1.0
R1096E,R1096E,PS2,PS,2,6,1.0
R1096E,R1096E,YC1,,0,0,1.0
R1097N,R1097N,PAL1,,0,0,1.0
R1097N,R1097N,PAL1,,1,1,1.0
R1098D,R1098D,FR1,,0,0,1.0
R1098D,R1098D,FR1,,1,2,1.0
R1098D,R1098D,FR1,,2,3,1.0
R1100D,R1100D,FR1,,0,1,1.0
R1100D,R1100D,FR1,,1,,1.0
R1100D,R1100D,FR1,,2,,1.0
R1100D,R1100D,PAL1,,0,1,1.0
R1100D,R1100D,PAL1,,1,2,1.0
R1100D,R1100D,PS2,PS,0,1,1.0
R1100D,R1100D,PS2,PS,1,2,1.0
R1100D,R1100D,PS2,PS,2,3,1.0
R1101T,R1101T,FR1,,0,0,1.0
R1101T,R1101T,FR2,,0,0,1.0
R1101T,R1101T,PS2,PS,0,0,1.0
R1101T,R1101T,PS2,PS,1,1,1.0
R1101T,R1101T,PS2,PS,2,2,1.0
R1101T,R1101T,PS2,PS,3,3,1.0
R1101T,R1101T,YC1,,0,0,1.0
R1102P,R1102P,FR1,,0,,1.0
R1102P,R1102P,PAL1,,0,,1.0
R1102P,R1102P,catFR1,,0,,1.0
R1102P,R1102P,catFR1,,1,,1.0
R1104D,R1104D,FR1,,0,,1.0
R1104D,R1104D,PS2,PS,0,1,1.0
R1104D,R1104D,PS2,PS,1,3,1.0
R1104D,R1104D,PS2,PS,2,5,1.0
R1104D,R1104D,PS2,PS,3,7,1.0
R1105E,R1105E,FR1,,0,,1.0
R1105E,R1105E,PS2,PS,0,1,1.0
R1105E,R1105E,PS2,PS,1,3,1.0
R1105E,R1105E,PS2,PS,2,6,1.0
R1105E,R1105E,catFR1,,0,,1.0
R1106M,R1106M,FR1,,0,0,1.0
R1106M,R1106M,FR1,,1,1,1.0
R1106M,R1106M,PAL1,,0,0,1.0
R1106M,R1106M,YC1,,0,1,1.0
R1106M,R1106M,catFR1,,0,0,1.0
R1107J,R1107J,catFR1,,0,0,1.0
R1107J,R1107J,catFR1,,1,1,1.0
R1108J,R1108J,PS2,PS,0,2,1.0
R1108J,R1108J,PS2,PS,1,3,1.0
R1108J,R1108J,PS2,PS,2,5,1.0
R1108J,R1108J,PS2,PS,3,7,1.0
R1108J,R1108J_1,PS2,PS,4,2,1.0
R1108J,R1108J_1,PS2,PS,5,3,1.0
R1108J,R1108J_1,PS2,PS,6,5,1.0
R1108J,R1108J_1,PS2,PS,7,7,1.0
R1108J,R1108J_1,PS2,PS,8,10,1.0
R1108J,R1108J_1,PS2,PS,9,11,1.0
R1108J,R1108J,catFR1,,0,0,1.0
R1108J,R1108J,catFR1,,1,1,1.0
R1108J,R1108J,catFR1,,2,2,1.0
R1108J,R1108J,catFR1,,3,3,1.0
R1109N,R1109N,PAL1,,0,0,1.0
R1109N,R1109N,PAL1,,1,1,1.0
R1111M,R1111M,FR1,,0,0,1.0
R1111M,R1111M,FR1,,1,1,1.0
R1111M,R1111M,FR1,,2,2,1.0
R1111M,R1111M,FR1,,3,3,1.0
R1111M,R1111M,FR2,,0,0,1.0
R1111M,R1111M,FR2,,1,1,1.0
R1111M,R1111M,FR2,,2,2,1.0
R1111M,R1111M,FR2,,3,3,1.0
R1111M,R1111M,FR2,,4,4,1.0
R1111M,R1111M,FR2,,5,5,1.0
R1111M,R1111M,PAL1,,0,0,1.0
R1111M,R1111M,PAL1,,1,1,1.0
R1111M,R1111M,PAL2,,0,0,1.0
R1111M,R1111M,PAL2,,1,1,1.0
R1111M,R1111M,PS2,PS,0,3,1.0
R1111M,R1111M,PS2,PS,1,4,1.0
R1111M,R1111M,PS2,PS,2,5,1.0
R1111M,R1111M,PS2,PS,3,8,1.0
R1111M,R1111M,PS2,PS,4,10,1.0
R1111M,R1111M,PS2,PS,5,12,1.0
R1111M,R1111M,catFR1,,0,0,1.0
R1111M,R1111M,catFR1,,1,1,1.0
R1112M,R1112M,FR1,,0,,1.0
R1112M,R1112M,FR1,,1,,1.0
R1112M,R1112M,FR1,,2,,1.0
R1112M,R1112M,FR2,,0,0,1.0
R1112M,R1112M,PAL1,,0,0,1.0
R1112M,R1112M,PAL1,,1,1,1.0
R1112M,R1112M,PAL2,,0,0,1.0
R1112M,R1112M,PS2,PS,0,1,1.0
R1112M,R1112M,PS2,PS,1,6,1.0
R1112M,R1112M,PS2,PS,2,7,1.0
R1112M,R1112M,PS2,PS,3,8,1.0
R1112M,R1112M,PS2,PS,4,9,1.0
R1112M,R1112M,PS2,PS,5,17,1.0
R1112M,R1112M,PS3,PS,0,10,1.0
R1112M,R1112M,PS3,PS,1,11,1.0
R1112M,R1112M,PS3,PS,2,12,1.0
R1112M,R1112M,PS3,PS,3,13,1.0
R1112M,R1112M,PS3,PS,4,15,1.0
R1112M,R1112M,PS3,PS,5,18,1.0
R1112M,R1112M,YC1,,0,0,1.0
R1112M,R1112M,catFR1,,0,,1.0
R1113T,R1113T,FR1,,0,0,1.0
R1113T,R1113T,FR1,,1,1,1.0
R1113T,R1113T,FR1,,2,2,1.0
R1113T,R1113T,PS2,PS,0,1,1.0
R1113T,R1113T,PS2,PS,1,3,1.0
R1113T,R1113T,PS2,PS,2,4,1.0
R1113T,R1113T,PS2,PS,3,7,1.0
R1113T,R1113T,PS2,PS,4,9,1.0
R1113T,R1113T,PS2,PS,5,11,1.0
R1113T,R1113T,PS2,PS,6,15,1.0
R1113T,R1113T,PS2,PS,7,17,1.0
R1114C,R1114C,FR1,,0,0,1.0
R1114C,R1114C,PS2,PS,0,0,1.0
R1114C,R1114C,PS2,PS,1,1,1.0
R1114C,R1114C,YC1,,0,0,1.0
R1114C,R1114C,catFR1,,0,0,1.0
R1115T,R1115T,FR1,,0,1,1.0
R1115T,R1115T,FR2,,0,0,1.0
R1115T,R1115T,PS2,PS,0,1,1.0
R1115T,R1115T,PS2,PS,1,4,1.0
R1115T,R1115T,PS2,PS,2,6,1.0
R1117J,R1117J,PS2,PS,0,1,1.0
R1118N,R1118N_1,FR1,,0,0,1.0
R1118N,R1118N_1,FR1,,1,1,1.0
R1118N,R1118N,PAL1,,0,0,1.0
R1118N,R1118N,PAL1,,1,1,1.0
R1118N,R1118N,PAL1,,2,2,1.0
R1118N,R1118N_1,PAL1,,3,0,1.0
R1118N,R1118N_1,PAL2,,0,0,1.0
R1118N,R1118N_1,PS2,PS,0,2,1.0
R1120E,R1120E,FR1,,0,0,1.0
R1120E,R1120E,FR1,,1,1,1.0
R1120E,R1120E,PS2,PS,0,0,1.0
R1121M,R1121M,FR1,,0,,1.0
R1121M,R1121M,FR1,,1,,1.0
R1121M,R1121M,FR1,,2,,1.0
R1121M,R1121M,FR1,,3,3,1.0
R1121M,R1121M,FR1,,4,4,1.0
R1121M,R1121M,FR1,,5,5,1.0
R1121M,R1121M,FR1,,6,6,1.0
R1121M,R1121M,FR1,,7,7,1.0
R1121M,R1121M,PAL1,,0,0,1.0
R1121M,R1121M,PAL1,,1,1,1.0
R1121M,R1121M,PAL1,,2,2,1.0
R1121M,R1121M,PAL1,,3,3,1.0
R1121M,R1121M,PAL2,,0,0,1.0
R1121M,R1121M,PS2,PS,0,1,1.0
R1121M,R1121M,PS2,PS,1,3,1.0
R1121M,R1121M,PS2,PS,10,21,1.0
R1121M,R1121M,PS2,PS,2,5,1.0
R1121M,R1121M,PS2,PS,3,13,1.0
R1121M,R1121M,PS2,PS,4,14,1.0
R1121M,R1121M,PS2,PS,5,15,1.0
R1121M,R1121M,PS2,PS,6,16,1.0
R1121M,R1121M,PS2,PS,7,17,1.0
R1121M,R1121M,PS2,PS,8,18,1.0
R1121M,R1121M,PS2,PS,9,20,1.0
R1122E,R1122E,FR1,,0,0,1.0
R1122E,R1122E,FR1,,1,1,1.0
R1122E,R1122E,FR1,,2,2,1.0
R1122E,R1122E,PS2,PS,0,1,1.0
R1122E,R1122E,PS2,PS,1,3,1.0
R1123C,R1123C,FR1,,0,0,1.0
R1123C,R1123C,FR1,,1,1,1.0
R1123C,R1123C,FR1,,2,2,1.0
R1124J,R1124J_1,PS2,PS,0,1,1.0
R1124J,R1124J_1,PS2,PS,1,2,1.0
R1124J,R1124J_1,PS2,PS,2,5,1.0
R1124J,R1124J_1,PS2,PS,3,6,1.0
R1124J,R1124J,TH1,,0,0,1.0
R1124J,R1124J,YC1,,0,0,1.0
R1125T,R1125T,FR1,,0,0,1.0
R1125T,R1125T,FR1,,1,1,1.0
R1125T,R1125T,FR1,,2,2,1.0
R1125T,R1125T,PS2,PS,0,2,1.0
R1125T,R1125T,PS2,PS,1,3,1.0
R1125T,R1125T,PS2,PS,2,5,1.0
R1125T,R1125T,PS2,PS,3,6,1.0
R1125T,R1125T,PS2,PS,4,8,1.0
R1125T,R1125T,PS2,PS,5,9,1.0
R1127P,R1127P_1,FR1,,1,0,1.0
R1128E,R1128E,FR1,,0,,1.0
R1129D,R1129D,FR1,,0,0,1.0
R1129D,R1129D,FR1,,1,2,1.0
R1129D,R1129D,PS2,PS,0,0,1.0
R1129D,R1129D,PS2,PS,1,1,1.0
R1129D,R1129D,PS2,PS,2,2,1.0
R1129D,R1129D,PS2,PS,3,3,1.0
R1129D,R1129D,PS2,PS,4,4,1.0
R1129D,R1129D,PS2,PS,5,5,1.0
R1129D,R1129D,PS2,PS,6,6,1.0
R1130M,R1130M,FR1,,0,,1.0
R1130M,R1130M,FR1,,1,,1.0
R1130M,R1130M,PAL1,,0,0,1.0
R1130M,R1130M,PAL2,,0,0,1.0
R1130M,R1130M,PS2,PS,0,1,1.0
R1130M,R1130M,PS2,PS,1,3,1.0
R1130M,R1130M,catFR1,,0,,1.0
R1131M,R1131M,FR1,,0,0,1.0
R1131M,R1131M,PAL1,,0,0,1.0
R1131M,R1131M,PS2,PS,0,1,1.0
R1131M,R1131M,PS2,PS,1,3,1.0
R1131M,R1131M,PS2,PS,2,5,1.0
R1131M,R1131M,PS2,PS,3,7,1.0
R1131M,R1131M,catFR1,,0,0,1.0
R1132C,R1132C,TH1,,0,0,1.0
R1133C,R1133C,TH1,,0,0,1.0
R1134T,R1134T,FR1,,0,0,1.0
R1134T,R1134T,FR1,,1,1,1.0
R1134T,R1134T,FR1,,2,2,1.0
R1134T,R1134T,PS2,PS,0,1,1.0
R1134T,R1134T,PS2,PS,1,3,1.0
R1135E,R1135E,FR1,,0,,1.0
R1135E,R1135E,FR1,,1,,1.0
R1135E,R1135E,FR1,,2,,1.0
R1135E,R1135E,FR1,,3,,1.0
R1135E,R1135E,PS2,PS,3,7,1.0
R1135E,R1135E,catFR1,,0,,1.0
R1135E,R1135E,catFR1,,1,,1.0
R1136N,R1136N,FR1,,0,0,1.0
R1136N,R1136N,FR1,,1,1,1.0
R1136N,R1136N,PAL1,,0,0,1.0
R1136N,R1136N,PAL1,,1,1,1.0
R1136N,R1136N,PAL2,,0,1,1.0
R1136N,R1136N,PS1,PS,0,0,1.0
R1136N,R1136N,PS2,PS,0,1,1.0
R1136N,R1136N,PS3,PS,0,2,1.0
R1137E,R1137E,FR1,,0,0,1.0
R1137E,R1137E,FR1,,1,1,1.0
R1137E,R1137E,FR1,,2,2,1.0
R1138T,R1138T,FR1,,0,,1.0
R1138T,R1138T_1,PS2,PS,0,1,1.0
R1138T,R1138T_1,PS2,PS,1,2,1.0
R1138T,R1138T_1,PS2,PS,2,4,1.0
R1138T,R1138T_1,PS2,PS,3,5,1.0
R1138T,R1138T_1,catFR1,,0,0,1.0
R1138T,R1138T_1,catFR1,,1,1,1.0
R1141T,R1141T,PAL1,,0,0,1.0
R1141T,R1141T,PS3,PS,0,1,1.0
R1141T,R1141T,catFR1,,0,0,1.0
R1141T,R1141T,catFR1,,1,1,1.0
R1141T,R1141T,catFR1,,2,2,1.0
R1142N,R1142N,FR1,,0,,1.0
R1142N,R1142N,PAL1,,0,1,1.0
R1142N,R1142N,PS1,PS,0,3,1.0
R1142N,R1142N,PS2,PS,0,1,1.0
R1142N,R1142N,PS3,PS,0,4,1.0
R1144E,R1144E,PS2,PS,0,1,1.0
R1144E,R1144E,PS2,PS,1,3,1.0
R1144E,R1144E,PS2,PS,2,5,1.0
R1144E,R1144E,PS2,PS,3,7,1.0
R1144E,R1144E,PS2,PS,4,9,1.0
R1144E,R1144E,catFR1,,0,0,1.0
R1144E,R1144E,catFR1,,1,1,1.0
R1144E,R1144E,catFR1,,2,2,1.0
R1145J,R1145J,TH1,,0,0,1.0
R1149N,R1149N,FR1,,0,0,1.0
R1149N,R1149N,PAL1,,0,0,1.0
R1149N,R1149N,PAL1,,1,1,1.0
R1149N,R1149N,PAL2,,0,0,1.0
R1149N,R1149N,PS1,PS,0,2,1.0
R1149N,R1149N,PS2,PS,0,0,1.0
R1149N,R1149N,PS3,PS,0,1,1.0
R1150J,R1150J,FR2,,0,0,1.0
R1153T,R1153T,FR1,,0,2,1.0
R1153T,R1153T,FR1,,1,3,1.0
R1153T,R1153T,FR1,,2,4,1.0
R1153T,R1153T,PS2,PS,0,1,1.0
R1153T,R1153T,PS2,PS,1,3,1.0
R1153T,R1153T,PS2,PS,2,5,1.0
R1153T,R1153T,PS2,PS,3,7,1.0
R1155D,R1155D,FR1,,0,,1.0
R1155D,R1155D,TH1,,0,0,1.0
R1155D,R1155D,TH1,,1,1,1.0
R1155D,R1155D,TH1,,2,2,1.0
R1157C,R1157C,PS2,PS,0,1,1.0
R1157C,R1157C,TH1,,0,0,1.0
R1157C,R1157C,TH1,,1,1,1.0
R1157C,R1157C,TH1,,2,2,1.0
R1157C,R1157C,catFR1,,0,0,1.0
R1157C,R1157C,catFR1,,1,1,1.0
R1157C,R1157C,catFR1,,2,2,1.0
R1157C,R1157C,catFR2,,0,0,1.0
R1160C,R1160C,TH1,,0,0,1.0
R1162N,R1162N,FR1,,0,,1.0
R1162N,R1162N,PAL1,,0,0,1.0
R1162N,R1162N,PAL1,,1,1,1.0
R1162N,R1162N,PAL1,,2,2,1.0
R1162N,R1162N,PAL1,,3,3,1.0
R1162N,R1162N,PAL2,,0,0,1.0
R1162N,R1162N,PS1,PS,0,2,1.0
R1162N,R1162N,PS2,PS,0,1,1.0
R1162N,R1162N,PS3,PS,0,0,1.0
R1170J,R1170J,TH1,,0,0,1.0
R1170J,R1170J_2,TH1,,2,2,1.0
R1170J,R1170J_2,TH1,,3,3,1.0
R1170J,R1170J_2,TH1,,4,4,1.0
R1175N,R1175N,FR1,,0,,1.0
R1175N,R1175N,PAL1,,0,,1.0
R1175N,R1175N,PAL1,,1,,1.0
R1175N,R1175N,PAL3,,0,0,1.0
R1175N,R1175N,PS2.1,PS21,0,,1.0
R1176M,R1176M,FR1,,0,0,1.0
R1176M,R1176M,FR2,,0,0,1.0
R1176M,R1176M,FR2,,1,1,1.0
R1176M,R1176M,FR2,,2,2,1.0
R1176M,R1176M,FR2,,3,3,1.0
R1176M,R1176M,PS2,PS,0,2,1.0
R1176M,R1176M,PS2,PS,1,3,1.0
R1176M,R1176M,PS2,PS,2,4,1.0
R1176M,R1176M,catFR1,,0,0,1.0
R1177M,R1177M,FR1,,0,0,1.0
R1177M,R1177M,FR1,,1,1,1.0
R1177M,R1177M,FR2,,0,0,1.0
R1177M,R1177M,FR2,,1,1,1.0
R1177M,R1177M,FR2,,2,2,1.0
R1177M,R1177M,FR2,,3,3,1.0
R1177M,R1177M,FR2,,4,4,1.0
R1177M,R1177M,FR2,,5,5,1.0
R1177M,R1177M,FR2,,6,6,1.0
R1177M,R1177M,PS2,PS,0,7,1.0
R1177M,R1177M,PS2,PS,1,8,1.0
R1177M,R1177M,PS2,PS,2,9,1.0
R1177M,R1177M,YC1,,0,0,1.0
R1180C,R1180C,PS2,PS,0,0,1.0
R1180C,R1180C,TH1,,0,1,1.0
R1180C,R1180C,TH1,,1,2,1.0
R1180C,R1180C,TH1,,2,4,1.0
R1180C,R1180C,catFR1,,0,0,1.0
R1180C,R1180C,catFR1,,1,1,1.0
R1180C,R1180C,catFR1,,2,2,1.0
R1180C,R1180C,catFR2,,0,0,1.0
R1182C,R1182C,TH1,,0,0,1.0
R1184M,R1184M,FR2,,0,0,1.0
R1184M,R1184M,FR2,,1,1,1.0
R1184M,R1184M,FR2,,2,2,1.0
R1184M,R1184M,FR2,,3,3,1.0
R1185N,R1185N_1,FR1,,0,0,1.0
R1185N,R1185N,PAL1,,0,0,1.0
R1185N,R1185N,PAL1,,1,1,1.0
R1185N,R1185N_1,PAL1,,2,0,1.0
R1185N,R1185N_1,PAL2,,0,0,1.0
R1185N,R1185N,PS1,PS,0,1,1.0
R1185N,R1185N_1,PS2,PS,0,0,1.0
R1185N,R1185N,PS3,PS,0,2,1.0
R1188C,R1188C,TH1,,0,0,1.0
R1188C,R1188C,catFR1,,0,0,1.0
R1192C,R1192C,TH1,,0,1,1.0
R1192C,R1192C,TH1,,1,3,1.0
R1192C,R1192C,catFR1,,0,0,1.0
R1192C,R1192C,catFR1,,1,1,1.0
R1192C,R1192C,catFR1,,2,2,1.0
R1192C,R1192C,catFR2,,0,0,1.0
R1192C,R1192C,catFR2,,1,1,1.0
R1196N,R1196N,PAL1,,0,2,1.0
R1196N,R1196N,PAL1,,1,3,1.0
R1198M,R1198M,FR1,,0,,1.0
R1198M,R1198M,TH1,,0,,1.0
R1198M,R1198M,TH1,,1,,1.0
R1201P,R1201P,TH1,,0,,1.0
R1201P,R1201P_1,TH1,,1,1,1.0
R1201P,R1201P_1,TH1,,2,3,1.0
R1201P,R1201P_1,TH1,,3,4,1.0
R1201P,R1201P_1,TH1,,4,10,1.0
R1212P,R1212P,FR1,,10,,1.0
R1212P,R1212P,FR1,,2,,1.0
R1212P,R1212P,PAL1,,0,0,1.0
R1212P,R1212P,PAL1,,1,1,1.0
R1212P,R1212P,PAL1,,2,2,1.0
R1212P,R1212P,PAL1,,3,3,1.0
R1212P,R1212P,TH1,,0,0,1.0
R1212P,R1212P,TH1,,2,3,1.0
R1212P,R1212P,TH1,,3,4,1.0
R1212P,R1212P,TH1,,4,,1.0
R1212P,R1212P,catFR1,,0,,1.0
R1219C,R1219C,TH1,,2,,1.0
R1221P,R1221P,FR1,,1,,1.0
R1221P,R1221P,catFR1,CatFR1,0,,1.0
R1221P,R1221P,catFR1,CatFR1,1,,1.0
R1221P,R1221P,catFR1,CatFR1,2,,1.0
R1254E,R1254E,catFR1,,0,,1.0
R1263C,R1263C,PAL1,,0,,1.0
R1263C,R1263C,PAL1,,1,,1.0
R1263C,R1263C,PAL1,,3,,1.0
R1284N,R1284N,PAL3,,2,,1.0
R1284N,R1284N,PS2.1,PS21,0,,1.0
R1285C,R1285C,TH1,,0,,1.0
R1285C,R1285C,TH1,,1,,1.0
R1285C,R1285C,TH1,,2,,1.0
R1285C,R1285C,TH1,,5,,1.0
R1289C,R1289C,TH1,,3,,1.0
R1289C,R1289C,TH1,,4,,1.0
R1289C,R1289C,TH1,,5,,1.0
R1291M,R1291M,FR1,,0,,1.0
R1291M,R1291M,catFR1,,0,,1.0
R1291M,R1291M,catFR1,,1,,1.0
R1311T,R1311T,FR1,,0,,1.0
R1311T,R1311T,FR1,,1,,1.0
R1311T,R1311T,FR1,,2,,1.0
R1422T,R1422T,FR1,,0,,1.0
R1422T,R1422T,FR1,,1,,1.0
R1501J,R1501J,DBOY1,,0,,1.0
R1501J,R1501J,DBOY1,,1,,1.0
R1501J,R1501J,RepFR1,,0,,1.0
R1501J,R1501J,RepFR1,,1,,1.0
R1501J,R1501J,RepFR1,,2,,1.0
R1503E,R1503E,DBOY1,,0,,1.0
R1503E,R1503E,DBOY1,,1,,1.0
R1503E,R1503E,DBOY1,,2,,1.0
R1504E,R1504E,DBOY1,,0,,1.0
R1509E,R1509E,DBOY1,,0,,1.0
R1509E,R1509E,DBOY1,,1,,1.0
R1509E,R1509E,DBOY1,,2,,1.0
R1509E,R1509E,DBOY1,,3,,1.0
R1509E,R1509E,DBOY1,,4,,1.0
R1509E,R1509E,DBOY1,,5,,1.0
R1513D,R1513D,DBOY1,,0,,1.0
R1514E,R1514E,RepFR1,,0,,1.0
R1516E,R1516E,RepFR1,,0,,1.0
R1516E,R1516E_1,RepFR1,,1,0,1.0
R1521E,R1521E,DBOY1,,0,,1.0
R1521E,R1521E,DBOY1,,1,,1.0
R1521E,R1521E,DBOY1,,2,,1.0
R1523E,R1523E,DBOY1,,0,,1.0
R1523E,R1523E,DBOY1,,1,,1.0
R1524T,R1524T,DBOY1,,0,,1.0
R1524T,R1524T,DBOY1,,1,,1.0
R1524T,R1524T,DBOY1,,2,,1.0
R1528E,R1528E,RepFR1,,0,,1.0
R1528E,R1528E,RepFR1,,1,,1.0
R1531T,R1531T,RepFR1,,0,,1.0
R1531T,R1531T,RepFR1,,1,,1.0
R1534D,R1534D,RepFR1,,0,,1.0
R1535E,R1535E,DBOY1,,0,,1.0
R1538E,R1538E,DBOY1,,0,,1.0
R1538E,R1538E,DBOY1,,1,,1.0
R1539E,R1539E,DBOY1,,0,,1.0
R1539E,R1539E,DBOY1,,1,,1.0
R1543E,R1543E,DBOY1,,0,,1.0
R1543E,R1543E,DBOY1,,1,,1.0
R1543E,R1543E,DBOY1,,2,,1.0
R1543E,R1543E,DBOY1,,3,,1.0
R1544E,R1544E,DBOY1,,0,,1.0
R1544E,R1544E,DBOY1,,1,,1.0
R1546E,R1546E,DBOY1,,0,,1.0
R1546E,R1546E,DBOY1,,1,,1.0
R1546E,R1546E,DBOY1,,2,,1.0
R1547D,R1547D,RepFR1,,0,,1.0
R1549E,R1549E,DBOY1,,0,,1.0
R1551T,R1551T,DBOY1,,0,,1.0
R1551T,R1551T,DBOY1,,1,,1.0
R1551T,R1551T,DBOY1,,2,,1.0
R1551T,R1551T,DBOY1,,3,,1.0
R1552E,R1552E,DBOY1,,1,,1.0
R1552E,R1552E,DBOY1,,2,,1.0
R1553E,R1553E,DBOY1,,0,,1.0
R1554T,R1554T,DBOY1,,0,,1.0
R1554T,R1554T,DBOY1,,1,,1.0
R1556J,R1556J,DBOY1,,0,,1.0
R1556J,R1556J,DBOY1,,1,,1.0
R1556J,R1556J,RepFR1,,0,,1.0
R1556J,R1556J,RepFR1,,1,,1.0
R1556J,R1556J,RepFR1,,2,,1.0
R1560T,R1560T,DBOY1,,2,,1.0
R1561E,R1561E,DBOY1,,0,,1.0
R1561E,R1561E,DBOY1,,1,,1.0
R1564J,R1564J,DBOY1,,0,,1.0
R1565T,R1565T,DBOY1,,0,,1.0
R1565T,R1565T,FR1,,0,,1.0
R1566D,R1566D,RepFR1,,1,,1.0
R1566D,R1566D,RepFR1,,3,,1.0
R1566D,R1566D,RepFR1,,4,,1.0
R1567T,R1567T,DBOY1,,0,,1.0
R1567T,R1567T,DBOY1,,1,,1.0
R1568E,R1568E,RepFR1,,0,,1.0
R1568E,R1568E,RepFR1,,1,,1.0
R1569T,R1569T,DBOY1,,0,,1.0
R1569T,R1569T,DBOY1,,1,,1.0
R1569T,R1569T,FR1,,0,,1.0
R1570T,R1570T,DBOY1,,0,,1.0
R1570T,R1570T,DBOY1,,1,,1.0
R1571T,R1571T,DBOY1,,0,,1.0
R1571T,R1571T,DBOY1,,1,,1.0
R1571T,R1571T,FR1,,0,,1.0
R1572T,R1572T,DBOY1,,0,,1.0
R1572T,R1572T,DBOY1,,1,,1.0
R1572T,R1572T,DBOY1,,2,,1.0
R1572T,R1572T,FR1,,0,,1.0
R1573T,R1573T,DBOY1,,0,,1.0
R1573T,R1573T,FR1,,0,,1.0
R1575E,R1575E_1,DBOY1,,0,0,1.0
R1582E,R1582E,RepFR1,,0,,1.0
R1582E,R1582E,RepFR1,,1,,1.0
R1582E,R1582E,RepFR1,,2,,1.0
R1585E,R1585E,DBOY1,,0,,1.0
R1593D,R1593D,RepFR1,,0,,1.0
R1593D,R1593D,RepFR1,,1,,1.0
R1598E,R1598E,DBOY1,,0,,1.0
